{
  "name": "ngmap",
  "version": "1.17.8",
  "main": "./build/scripts/ng-map.js",
  "homepage": "https://github.com/allenhwkim/angularjs-google-maps",
  "authors": [
    "Allen Kim <allenhwkim@gmail.com>"
  ],
  "description": "The Simplest AngularJs Google Maps V3 Directive Module",
  "keywords": [
    "angularjs",
    "angularjs-directive",
    "google-maps"
  ],
  "license": "MIT",
  "_release": "1.17.8",
  "_resolution": {
    "type": "version",
    "tag": "v1.17.8",
    "commit": "413d8dacc39c1ec3248f8de0b499eef2311d8f51"
  },
  "_source": "https://github.com/allenhwkim/angularjs-google-maps.git",
  "_target": "^1.17.8",
  "_originalSource": "ngmap",
  "_direct": true
}